,precision,recall,f1-score,support
healthy,0.35714285714285715,0.8333333333333334,0.5,6.0
wilted,0.9375,0.625,0.75,24.0
accuracy,0.6666666666666666,0.6666666666666666,0.6666666666666666,0.6666666666666666
macro avg,0.6473214285714286,0.7291666666666667,0.625,30.0
weighted avg,0.8214285714285714,0.6666666666666666,0.7,30.0
